<?xpacket begin="﻿" id="W5M0MpCehiHzreSzNTczkc9d"?>
<x:xmpmeta xmlns:x="adobe:ns:meta/" x:xmptk="Adobe XMP Core 5.2-c003 61.141987, 2011/02/22-12:03:51        ">
   <rdf:RDF xmlns:rdf="http://www.w3.org/1999/02/22-rdf-syntax-ns#">
      <rdf:Description rdf:about=""
            xmlns:xmp="http://ns.adobe.com/xap/1.0/">
         <xmp:CreatorTool>Adobe Flash Professional CS5.5 - build 349</xmp:CreatorTool>
         <xmp:CreateDate>2013-06-04T17:40:13-04:00</xmp:CreateDate>
         <xmp:MetadataDate>2013-06-05T11:39:42-04:00</xmp:MetadataDate>
         <xmp:ModifyDate>2013-06-05T11:39:42-04:00</xmp:ModifyDate>
      </rdf:Description>
      <rdf:Description rdf:about=""
            xmlns:dc="http://purl.org/dc/elements/1.1/">
         <dc:format>application/vnd.adobe.fla</dc:format>
      </rdf:Description>
      <rdf:Description rdf:about=""
            xmlns:xmpMM="http://ns.adobe.com/xap/1.0/mm/"
            xmlns:stRef="http://ns.adobe.com/xap/1.0/sType/ResourceRef#"
            xmlns:stEvt="http://ns.adobe.com/xap/1.0/sType/ResourceEvent#">
         <xmpMM:DerivedFrom rdf:parseType="Resource">
            <stRef:instanceID>xmp.iid:9A9D6A04F6CDE2118807B0DA861503FD</stRef:instanceID>
            <stRef:documentID>xmp.did:9A9D6A04F6CDE2118807B0DA861503FD</stRef:documentID>
            <stRef:originalDocumentID>xmp.did:F77F1174072068118083EAC5B65E128F</stRef:originalDocumentID>
         </xmpMM:DerivedFrom>
         <xmpMM:DocumentID>xmp.did:9B9D6A04F6CDE2118807B0DA861503FD</xmpMM:DocumentID>
         <xmpMM:InstanceID>xmp.iid:9B9D6A04F6CDE2118807B0DA861503FD</xmpMM:InstanceID>
         <xmpMM:OriginalDocumentID>xmp.did:F77F1174072068118083EAC5B65E128F</xmpMM:OriginalDocumentID>
         <xmpMM:History>
            <rdf:Seq>
               <rdf:li rdf:parseType="Resource">
                  <stEvt:action>created</stEvt:action>
                  <stEvt:instanceID>xmp.iid:F77F1174072068118083EAC5B65E128F</stEvt:instanceID>
                  <stEvt:when>2013-06-04T17:40:13-04:00</stEvt:when>
                  <stEvt:softwareAgent>Adobe Flash Professional CS5.5 - build 349</stEvt:softwareAgent>
               </rdf:li>
               <rdf:li rdf:parseType="Resource">
                  <stEvt:action>created</stEvt:action>
                  <stEvt:instanceID>xmp.iid:F77F1174072068118083844D1D78CCE3</stEvt:instanceID>
                  <stEvt:when>2013-06-04T17:40:13-04:00</stEvt:when>
                  <stEvt:softwareAgent>Adobe Flash Professional CS5.5 - build 349</stEvt:softwareAgent>
               </rdf:li>
               <rdf:li rdf:parseType="Resource">
                  <stEvt:action>created</stEvt:action>
                  <stEvt:instanceID>xmp.iid:01801174072068118083D57234874458</stEvt:instanceID>
                  <stEvt:when>2013-06-04T17:40:13-04:00</stEvt:when>
                  <stEvt:softwareAgent>Adobe Flash Professional CS5.5 - build 349</stEvt:softwareAgent>
               </rdf:li>
               <rdf:li rdf:parseType="Resource">
                  <stEvt:action>created</stEvt:action>
                  <stEvt:instanceID>xmp.iid:9A9D6A04F6CDE2118807B0DA861503FD</stEvt:instanceID>
                  <stEvt:when>2013-06-04T17:40:13-04:00</stEvt:when>
                  <stEvt:softwareAgent>Adobe Flash Professional CS5.5 - build 349</stEvt:softwareAgent>
               </rdf:li>
               <rdf:li rdf:parseType="Resource">
                  <stEvt:action>created</stEvt:action>
                  <stEvt:instanceID>xmp.iid:9B9D6A04F6CDE2118807B0DA861503FD</stEvt:instanceID>
                  <stEvt:when>2013-06-04T17:40:13-04:00</stEvt:when>
                  <stEvt:softwareAgent>Adobe Flash Professional CS5.5 - build 349</stEvt:softwareAgent>
               </rdf:li>
            </rdf:Seq>
         </xmpMM:History>
      </rdf:Description>
   </rdf:RDF>
</x:xmpmeta>
                                                                                                    
                                                                                                    
                                                                                                    
                                                                                                    
                                                                                                    
                                                                                                    
                                                                                                    
                                                                                                    
                                                                                                    
                                                                                                    
                                                                                                    
                                                                                                    
                                                                                                    
                                                                                                    
                                                                                                    
                                                                                                    
                                                                                                    
                                                                                                    
                                                                                                    
                                                                                                    
                           
<?xpacket end="w"?>