<DOMSymbolItem xmlns:xsi="http://www.w3.org/2001/XMLSchema-instance" xmlns="http://ns.adobe.com/xfl/2008/" name="black bear paw" itemID="3f973d36-000000c5" lastModified="1066872614">
  <timeline>
    <DOMTimeline name="black bear paw">
      <layers>
        <DOMLayer name="Layer 1" color="#4F80FF" current="true" isSelected="true">
          <frames>
            <DOMFrame index="0" keyMode="9728">
              <elements>
                <DOMGroup selected="true">
                  <members>
                    <DOMShape selected="true">
                      <fills>
                        <FillStyle index="1">
                          <SolidColor/>
                        </FillStyle>
                        <FillStyle index="2">
                          <RadialGradient>
                            <matrix>
                              <Matrix a="-0.0125274658203125" b="-0.00164794921875" c="-0.00164794921875" d="0.0125274658203125" tx="29.9" ty="-46.85"/>
                            </matrix>
                            <GradientEntry color="#C9BB1B" ratio="0"/>
                            <GradientEntry color="#B87E7C" ratio="0.203921568627451"/>
                            <GradientEntry color="#413D09" ratio="0.47843137254902"/>
                            <GradientEntry ratio="1"/>
                          </RadialGradient>
                        </FillStyle>
                        <FillStyle index="3">
                          <RadialGradient>
                            <matrix>
                              <Matrix a="-0.08685302734375" b="-0.0114898681640625" c="-0.0114898681640625" d="0.08685302734375" tx="-7.9" ty="23.65"/>
                            </matrix>
                            <GradientEntry color="#C9BB1B" ratio="0"/>
                            <GradientEntry color="#65076D" ratio="0.345098039215686"/>
                            <GradientEntry color="#413D09" ratio="0.47843137254902"/>
                            <GradientEntry ratio="1"/>
                          </RadialGradient>
                        </FillStyle>
                        <FillStyle index="4">
                          <RadialGradient>
                            <matrix>
                              <Matrix a="-0.0125274658203125" b="-0.00164794921875" c="-0.00164794921875" d="0.0125274658203125" tx="61.9" ty="-5.45"/>
                            </matrix>
                            <GradientEntry color="#C9BB1B" ratio="0"/>
                            <GradientEntry color="#B87E7C" ratio="0.203921568627451"/>
                            <GradientEntry color="#413D09" ratio="0.47843137254902"/>
                            <GradientEntry ratio="1"/>
                          </RadialGradient>
                        </FillStyle>
                        <FillStyle index="5">
                          <RadialGradient>
                            <matrix>
                              <Matrix a="-0.0125274658203125" b="-0.00164794921875" c="-0.00164794921875" d="0.0125274658203125" tx="-13.5" ty="-54.3"/>
                            </matrix>
                            <GradientEntry color="#C9BB1B" ratio="0"/>
                            <GradientEntry color="#B87E7C" ratio="0.203921568627451"/>
                            <GradientEntry color="#413D09" ratio="0.47843137254902"/>
                            <GradientEntry ratio="1"/>
                          </RadialGradient>
                        </FillStyle>
                        <FillStyle index="6">
                          <RadialGradient>
                            <matrix>
                              <Matrix a="-0.0116729736328125" b="-0.0048370361328125" c="-0.0048370361328125" d="0.0116729736328125" tx="-57.85" ty="-31.7"/>
                            </matrix>
                            <GradientEntry color="#C9BB1B" ratio="0"/>
                            <GradientEntry color="#B87E7C" ratio="0.203921568627451"/>
                            <GradientEntry color="#413D09" ratio="0.47843137254902"/>
                            <GradientEntry ratio="1"/>
                          </RadialGradient>
                        </FillStyle>
                      </fills>
                      <strokes>
                        <StrokeStyle index="1">
                          <SolidStroke scaleMode="normal">
                            <fill>
                              <SolidColor/>
                            </fill>
                          </SolidStroke>
                        </StrokeStyle>
                      </strokes>
                      <edges>
                        <Edge fillStyle0="2" fillStyle1="1" edges="!539 -1098S3[533 -1091 527 -1084!527 -1084|472 -964!472 -964[469 -951 468 -938!468 -938|474 -827!474 -827[477 -821 479 -814!479 -814[504 -746 558 -734!558 -734[610 -724 660 -775!660 -775[666 -783 672 -789!672 -789|726 -911!726 -911[728
 -924 730 -936!730 -936|723 -1046!723 -1046[722 -1053 719 -1061!719 -1061[694 -1128 641 -1139!641 -1139[588 -1150 539 -1098"/>
                        <Edge fillStyle0="1" edges="
!360 -1009S1[323 -825 369 -671!369 -671[416 -518 521 -484!521 -484[626 -450 728 -558!728 -558[828 -665 866 -849!866 -849[906 -1033 858 -1188!858 -1188[811 -1343 706 -1376!706 -1376[601 -1409 501 -1301!501 -1301[399 -1196 360 -1009"/>
                        <Edge fillStyle1="3" edges="
!-812 -1S2[-516 -117 -224 -406!-224 -406[-167 -462 -104 -458!-104 -458[71 -450 227 -389!227 -389[292 -364 335 -303!335 -303[460 -206 560 40!560 40[603 146 676 241"/>
                        <Edge fillStyle1="3" strokeStyle="1" edges="
!676 241S6[683 250 691 259!691 259[764 326 824 397!824 397[983 581 1059 788!1059 788|1077 888"/>
                        <Edge fillStyle1="1" strokeStyle="1" edges="
!1077 888S6|1080 905"/>
                        <Edge fillStyle1="1" edges="
!1080 905S2|1075 929"/>
                        <Edge fillStyle1="3" edges="
!1075 929S2|1030 1143!1030 1143[1025 1168 1018 1192!1018 1192[952 1446 777 1512!777 1512[585 1582 216 1279!216 1279[191 1256 164 1238!164 1238[-189 987 -680 1125!-680 1125[-1211 1275 -1371 1099!-1371 1099[-1532 921 -1470 624!-1470 624
|-1451 533"/>
                        <Edge fillStyle1="3" strokeStyle="1" edges="
!-1451 533S6|-1448 527!-1448 527[-1448 521 -1448 516"/>
                        <Edge strokeStyle="1" edges="
!-1448 516S4[-1445 450 -1438 433!-1438 433[-1431 418 -1424 406"/>
                        <Edge fillStyle1="3" strokeStyle="1" edges="
!-1424 406S6[-1407 373 -1382 348!-1382 348[-1229 188 -1010 81!-1010 81[-927 41 -835 9!-835 9[-823 4 -812 -1"/>
                        <Edge fillStyle0="1" edges="
!980 -167S1[947 -6 996 125!996 125[1044 255 1146 277!1146 277[1249 297 1344 197!1344 197[1440 97 1474 -65!1474 -65[1507 -228 1459 -357!1459 -357[1411 -488 1309 -510!1309 -510[1208 -531 1111 -431!1111 -431[1015 -331 980 -167"/>
                        <Edge fillStyle1="4" edges="
!1167 -257S2[1173 -264 1178 -270!1178 -270[#4AC.4 #FFFEDF.05 1215 -299.5"/>
                        <Edge fillStyle1="1" edges="
!1215 -299.5S2[#4AC.2A #FFFEDE.79 1178 -271!1178 -271[1173 -265 1167 -257"/>
                        <Edge fillStyle0="1" fillStyle1="4" edges="
!1115 1S3|1107 -110!1107 -110[1109 -123 1112 -136!1112 -136|1167 -257!1215 -299.5|1277.5 -311.5!1277.5 -311.5[#4FF.58 -311.34375 1281 -311!1281 -311[1334 -300 1358 -233!1358 -233[1362 -226 1364 -218!1364 -218|1370 -109!1370 -109[1369
 -96 1366 -83!1366 -83|1311 38!1311 38[1305 45 1299 52!1299 52[1250 103 1197 93"/>
                        <Edge fillStyle0="1" edges="
!1197 93S1[1144 82 1119 15!1119 15[1117 8 1115 1"/>
                        <Edge fillStyle1="4" edges="
!1197 93S2[1144 81 1119 14!1119 14[1117 7 1115 1"/>
                        <Edge fillStyle0="1" fillStyle1="3" strokeStyle="1" edges="
!1077 888S7[1077 908 1075 929"/>
                        <Edge fillStyle0="5" fillStyle1="1" edges="
!-227 -1287S3[-279 -1299 -329 -1247!-329 -1247[-335 -1241 -341 -1233!-341 -1233|-395 -1112!-395 -1112[-398 -1100 -400 -1087!-400 -1087|-393 -976!-393 -976[-391 -969 -389 -963!-389 -963[-363 -895 -310 -883!-310 -883[-257 -873 -208 -925
!-208 -925[-202 -932 -196 -938!-196 -938|-142 -1059!-142 -1059[-139 -1072 -137 -1085!-137 -1085|-144 -1195!-144 -1195[-146 -1203 -149 -1210!-149 -1210[-173 -1276 -227 -1287"/>
                        <Edge fillStyle1="1" edges="
!-7 -1373S2[45 -1235 6 -1050!6 -1050[-32 -867 -137 -743!-137 -743[-241 -620 -350 -631!-350 -631[-460 -643 -511 -782!-511 -782[-560 -921 -522 -1104!-522 -1104[-483 -1290 -380 -1413!-380 -1413[-275 -1535 -165 -1523!-165 -1523[-56 -1512
 -7 -1373"/>
                        <Edge fillStyle0="6" fillStyle1="1" edges="
!-1063 -819S3[-1111 -843 -1173 -806!-1173 -806[-1179 -801 -1187 -796!-1187 -796|-1272 -693!-1272 -693[-1278 -681 -1283 -669!-1283 -669|-1305 -560!-1305 -560[-1304 -553 -1304 -546!-1304 -546[-1297 -475 -1249 -450!-1249 -450[-1200 -426
 -1139 -463!-1139 -463[-1132 -468 -1125 -473!-1125 -473|-1040 -576!-1040 -576[-1034 -588 -1029 -600!-1029 -600|-1006 -709!-1006 -709[-1007 -715 -1008 -722!-1008 -722[-1014 -794 -1063 -819"/>
                        <Edge fillStyle0="1" edges="
!-1037 -989S1[-1136 -1019 -1240 -927!-1240 -927[-1344 -835 -1391 -675!-1391 -675[-1439 -518 -1400 -383!-1400 -383[-1364 -250 -1264 -220!-1264 -220[-1163 -190 -1059 -282!-1059 -282[-955 -373 -909 -533!-909 -533[-862 -693 -898 -826!-898
 -826[-937 -959 -1037 -989"/>
                        <Edge fillStyle1="3" edges="
!-1448 516S2|-1424 406"/>
                      </edges>
                    </DOMShape>
                  </members>
                </DOMGroup>
              </elements>
            </DOMFrame>
          </frames>
        </DOMLayer>
      </layers>
    </DOMTimeline>
  </timeline>
</DOMSymbolItem>