<DOMSymbolItem xmlns:xsi="http://www.w3.org/2001/XMLSchema-instance" xmlns="http://ns.adobe.com/xfl/2008/" name="paw" itemID="3f9738fb-000000c1" sourceFlashFilepath="../../paw.fla" sourceLibraryItemHRef="paw" sourceLastModified="1066871531" lastModified="1066871531" sourceItemID="00000000-ffffffff">
  <timeline>
    <DOMTimeline name="paw">
      <layers>
        <DOMLayer name="Layer 1" color="#4F80FF" current="true" isSelected="true">
          <frames>
            <DOMFrame index="0" keyMode="9728">
              <elements>
                <DOMGroup>
                  <members>
                    <DOMShape>
                      <fills>
                        <FillStyle index="1">
                          <SolidColor/>
                        </FillStyle>
                      </fills>
                      <strokes>
                        <StrokeStyle index="1">
                          <SolidStroke scaleMode="normal">
                            <fill>
                              <SolidColor/>
                            </fill>
                          </SolidStroke>
                        </StrokeStyle>
                      </strokes>
                      <edges>
                        <Edge fillStyle0="1" edges="!732 -2029[574 -1856 517 -1562!517 -1562[461 -1268 540 -1024!540 -1024[618 -781 786 -730!786 -730[953 -680 1113 -853!1113 -853[1270 -1026 1326 -1319!1326 -1319[1382 -1614 1305 -1859!1305 -1859[1225 -2102 1057 -2152!1057 -2152[889 -2203
 732 -2029!1079 477[715 126 462 -478!462 -478[413 -592 318 -625!318 -625[58 -719 -211 -726!-211 -726[-320 -730 -421 -665!-421 -665[-663 -599 -959 -300!-959 -300[-1100 -158 -1286 -57"/>
                        <Edge fillStyle0="1" fillStyle1="1" strokeStyle="1" edges="
!-1286 -57[-1268 -64 -1249 -70!-435 -643[-334 -707 -225 -704!-225 -704[45 -697 304 -603!304 -603[399 -570 426 -449"/>
                        <Edge fillStyle1="1" edges="
!2340 -162[2312 100 2176 273!2176 273[2041 447 1875 430!1875 430[1710 411 1613 214!1613 214[1518 15 1545 -246!1545 -246[1572 -508 1709 -681!1709 -681[1845 -855 2010 -837!2010 -837[2175 -819 2270 -623!2270 -623[2368 -424 2340 -162"/>
                        <Edge fillStyle0="1" edges="
!-2278 805|-2321 1034!-2321 1034[-2412 1507 -2173 1729!-2173 1729[-1935 1949 -1210 1728!-1210 1728[-487 1506 200 2049!200 2049[888 2592 1232 2430!1232 2430[1573 2267 1664 1794!1664 1794|1692 1647"/>
                        <Edge fillStyle0="1" fillStyle1="1" strokeStyle="1" edges="
!1692 1647|1670 1719"/>
                        <Edge fillStyle0="1" edges="
!1697 1620|1730 1445"/>
                        <Edge fillStyle0="1" strokeStyle="1" edges="
!1730 1445[1724 1387 1704 1336!1704 1336[1577 1007 1320 718!1320 718[1222 608 1105 504!1105 504[1091 491 1079 477"/>
                        <Edge strokeStyle="1" edges="
!1697 1620[1734 1522 1734 1493!1734 1493[1733 1469 1730 1445"/>
                        <Edge fillStyle0="1" strokeStyle="1" edges="
!1692 1647|1691 1637!1691 1637[1694 1628 1697 1620"/>
                        <Edge fillStyle1="1" edges="
!-311 -2465[-137 -2450 -54 -2232!-54 -2232[28 -2012 -27 -1718!-27 -1718[-84 -1424 -246 -1226!-246 -1226[-408 -1028 -583 -1043!-583 -1043[-758 -1059 -841 -1278!-841 -1278[-924 -1497 -867 -1789!-867 -1789[-812 -2085 -649 -2284!-649 -2284
[-487 -2481 -311 -2465!-1725 -1560[-1562 -1529 -1482 -1324!-1482 -1324[-1402 -1118 -1451 -859!-1451 -859[-1500 -601 -1650 -439!-1650 -439[-1800 -278 -1963 -309!-1963 -309[-2125 -340 -2205 -545!-2205 -545[-2285 -751 -2236 -1009!-2236 -1009
[-2187 -1268 -2037 -1430!-2037 -1430[-1887 -1591 -1725 -1560"/>
                        <Edge fillStyle0="1" strokeStyle="1" edges="
!-1564 63[-1909 237 -2148 496!-2148 496|-2234 631"/>
                        <Edge fillStyle0="1" fillStyle1="1" strokeStyle="1" edges="
!-2234 631[-2247 661 -2256 692"/>
                        <Edge fillStyle0="1" strokeStyle="1" edges="
!-2256 692|-2278 805"/>
                        <Edge strokeStyle="1" edges="
!-2234 631[-2201 553 -2148 496"/>
                        <Edge fillStyle0="1" strokeStyle="1" edges="
!-2234 631|-2249 654"/>
                        <Edge fillStyle0="1" edges="
!-2249 654|-2256 692"/>
                        <Edge strokeStyle="1" edges="
!-1564 63[-1432 -3 -1286 -57"/>
                        <Edge fillStyle0="1" edges="
!-1286 -57[-1414 12 -1564 63"/>
                      </edges>
                    </DOMShape>
                  </members>
                </DOMGroup>
              </elements>
            </DOMFrame>
          </frames>
        </DOMLayer>
      </layers>
    </DOMTimeline>
  </timeline>
</DOMSymbolItem>